lab_datetime,sample_datetime,target,pred_Ridge,pred_RandomForest,pred_GradientBoosting,pred_SARIMAX_PCA,best_prediction,best_residual
2019-10-07 23:00:00,2019-10-07 22:45:00,0.1829896907216495,0.22739936,0.17637664758696225,0.21752728906563443,0.1860376411196836,0.21752728906563443,-0.03453759834398493
2019-10-08 01:00:00,2019-10-08 00:45:00,0.1649484536082474,0.20248845,0.19875189815211913,0.19695226864106402,0.2070202410812284,0.19695226864106402,-0.03200381503281663
2019-10-08 03:00:00,2019-10-08 02:45:00,0.2164948453608247,0.20026046,0.17721687317741888,0.18612088866976326,0.22100251127047912,0.18612088866976326,0.030373956691061438
2019-10-08 05:00:00,2019-10-08 04:45:00,0.134020618556701,0.21250403,0.2065797093040046,0.2007647246473883,0.22982452501367284,0.2007647246473883,-0.06674410609068729
2019-10-08 07:00:00,2019-10-08 06:45:00,0.2319587628865979,0.1829905,0.19886002236883993,0.1910656666862459,0.23608328830754438,0.1910656666862459,0.040893096200352
2019-10-08 09:00:00,2019-10-08 08:45:00,0.134020618556701,0.20079562,0.1824987778798078,0.19285727441020661,0.24029581668900166,0.19285727441020661,-0.058836655853505615
2019-10-08 11:00:00,2019-10-08 10:45:00,0.2319587628865979,0.20006059,0.18136966006950545,0.19210637276374382,0.2428587640674971,0.19210637276374382,0.039852390122854076
2019-10-08 13:00:00,2019-10-08 12:45:00,0.1134020618556701,0.19110477,0.18246221263154397,0.1837618171643659,0.24511764758975238,0.1837618171643659,-0.0703597553086958
2019-10-08 15:00:00,2019-10-08 14:45:00,0.1829896907216495,0.18038313,0.17633503742958373,0.1889800545021905,0.2460416819416669,0.1889800545021905,-0.0059903637805409915
2019-10-08 17:00:00,2019-10-08 16:45:00,0.1134020618556701,0.19160163,0.18525861379262137,0.19809045498598454,0.24782948368021077,0.19809045498598454,-0.08468839313031444
2019-10-08 19:00:00,2019-10-08 18:45:00,0.134020618556701,0.16864449,0.20058613216238627,0.19481343653139493,0.2488073180009287,0.19481343653139493,-0.060792817974693936
2019-10-08 21:00:00,2019-10-08 20:45:00,0.1494845360824742,0.19043946,0.23125110366718563,0.19957590597293762,0.24982621212380024,0.19957590597293762,-0.05009136989046342
2019-10-08 23:00:00,2019-10-08 22:45:00,0.1752577319587629,0.18688285,0.23701204537276285,0.2042224104241913,0.2623460725256553,0.2042224104241913,-0.028964678465428384
2019-10-09 01:00:00,2019-10-09 00:45:00,0.2268041237113402,0.18867311,0.21890872199626887,0.21217568448527166,0.25042109531821466,0.21217568448527166,0.014628439226068546
2019-10-09 03:00:00,2019-10-09 02:45:00,0.1752577319587629,0.19013122,0.20699038488230637,0.1924634246447829,0.25047529069435537,0.1924634246447829,-0.017205692686019985
2019-10-09 05:00:00,2019-10-09 04:45:00,0.2010309278350515,0.19743854,0.20546594002175445,0.18939115719115576,0.24974753846930314,0.18939115719115576,0.011639770643895736
2019-10-09 07:00:00,2019-10-09 06:45:00,0.2010309278350515,0.22765003,0.24726465349885107,0.24775913637045943,0.25108952552130015,0.24775913637045943,-0.046728208535407934
2019-10-09 09:00:00,2019-10-09 08:45:00,0.2268041237113402,0.18551295,0.2276352611977392,0.24277663835340252,0.2498426714119269,0.24277663835340252,-0.015972514642062313
2019-10-09 11:00:00,2019-10-09 10:45:00,0.2010309278350515,0.18450141,0.17993319537107627,0.19280967961078477,0.2475370585668925,0.19280967961078477,0.00822124822426673
2019-10-09 13:00:00,2019-10-09 12:45:00,0.1752577319587629,0.18040958,0.17428075676661292,0.18370308551581072,0.24700681289884624,0.18370308551581072,-0.008445353557047813
2019-10-09 15:00:00,2019-10-09 14:45:00,0.2010309278350515,0.17850426,0.17531101599284524,0.19017400323468023,0.2473875953050675,0.19017400323468023,0.01085692460037127
2019-10-09 17:00:00,2019-10-09 16:45:00,0.2268041237113402,0.20246542,0.1851162388834845,0.19326777350732796,0.2474753826176878,0.19326777350732796,0.033536350204012244
2019-10-09 19:00:00,2019-10-09 18:45:00,0.2525773195876289,0.1891506,0.20069347437170046,0.2101084629555173,0.24866152817022286,0.2101084629555173,0.04246885663211161
2019-10-09 21:00:00,2019-10-09 20:45:00,0.4304123711340207,0.17940962,0.20237824857285008,0.20687621118066568,0.24768665111516047,0.20687621118066568,0.22353615995335502
2019-10-09 23:00:00,2019-10-09 22:45:00,0.1675257731958763,0.175118,0.20596594773861654,0.20581951587619773,0.24781075543389885,0.20581951587619773,-0.03829374268032143
2019-10-10 01:00:00,2019-10-10 00:45:00,0.2164948453608247,0.18306994,0.20410996328734857,0.21088027571637835,0.248198141001045,0.21088027571637835,0.005614569644446343
2019-10-10 03:00:00,2019-10-10 02:45:00,0.2319587628865979,0.19022772,0.225025686960632,0.21986162937852405,0.24974280104426066,0.21986162937852405,0.012097133508073843
2019-10-10 05:00:00,2019-10-10 04:45:00,0.3969072164948454,0.19582777,0.2389464143234106,0.24164777923072428,0.2507697400504134,0.24164777923072428,0.15525943726412111
2019-10-10 07:00:00,2019-10-10 06:45:00,0.4149484536082474,0.24195753,0.19859588675314435,0.2129131265294416,0.25018103278728027,0.2129131265294416,0.20203532707880578
2019-10-10 09:00:00,2019-10-10 08:45:00,0.3479381443298969,0.26965,0.2243930541893991,0.2350303380195803,0.2504334356642054,0.2350303380195803,0.1129078063103166
2019-10-10 11:00:00,2019-10-10 10:45:00,0.2654639175257732,0.257394,0.21355562517560747,0.21359903174475087,0.2503216450474565,0.21359903174475087,0.05186488578102233
2019-10-10 13:00:00,2019-10-10 12:45:00,0.3814432989690722,0.25345352,0.1966313615922396,0.21723217450787768,0.2519192436854037,0.21723217450787768,0.1642111244611945
2019-10-10 15:00:00,2019-10-10 14:45:00,0.4948453608247423,0.281515,0.20113357131396511,0.2015240838695467,0.24908888276714258,0.2015240838695467,0.2933212769551956
2019-10-10 17:00:00,2019-10-10 16:45:00,0.3814432989690722,0.24631071,0.1917284998593911,0.20848269969189273,0.24891820939855633,0.20848269969189273,0.17296059927717947
2019-10-10 19:00:00,2019-10-10 18:45:00,0.3634020618556701,0.218456,0.210817652717218,0.20362107111047303,0.24807003178889211,0.20362107111047303,0.15978099074519705
2019-10-10 21:00:00,2019-10-10 20:45:00,0.2268041237113402,0.1675957,0.19601154730095355,0.19712995249503054,0.2483299380329667,0.19712995249503054,0.029674171216309664
2019-10-10 23:00:00,2019-10-10 22:45:00,0.1752577319587629,0.18311828,0.19521202319479514,0.1939452625290046,0.2494163276554484,0.1939452625290046,-0.018687530570241695
2019-10-11 01:00:00,2019-10-11 00:45:00,0.2010309278350515,0.14635694,0.18671659477112684,0.18716991366436095,0.2486302319150518,0.18716991366436095,0.01386101417069055
2019-10-11 03:00:00,2019-10-11 02:45:00,0.1752577319587629,0.1676899,0.1958772149756976,0.19673769131582958,0.24913240692208366,0.19673769131582958,-0.021479959357066675
2019-10-11 05:00:00,2019-10-11 04:45:00,0.1752577319587629,0.1767852,0.18273484536637205,0.19167752885074674,0.24841668311440834,0.19167752885074674,-0.016419796891983834
2019-10-11 07:00:00,2019-10-11 06:45:00,0.1237113402061855,0.17488012,0.18699363958198104,0.19821170705812813,0.24677606259845736,0.19821170705812813,-0.07450036685194263
2019-10-11 09:00:00,2019-10-11 08:45:00,0.2268041237113402,0.16101283,0.1801504531096947,0.18854249083659644,0.2485407269903964,0.18854249083659644,0.03826163287474377
2019-10-11 11:00:00,2019-10-11 10:45:00,0.1752577319587629,0.20175858,0.20562373224314207,0.19830880812825208,0.24779763566211718,0.19830880812825208,-0.023051076169489176
2019-10-11 13:00:00,2019-10-11 12:45:00,0.2268041237113402,0.17924961,0.21424699067802727,0.2008920552458719,0.24752478849275786,0.2008920552458719,0.025912068465468313
2019-10-11 15:00:00,2019-10-11 14:45:00,0.2010309278350515,0.15073046,0.1936017984515434,0.18889631544881696,0.2475521881901839,0.18889631544881696,0.012134612386234533
2019-10-11 17:00:00,2019-10-11 16:45:00,0.2525773195876289,0.17126897,0.22236269514460805,0.1956266861084202,0.2467735213270661,0.1956266861084202,0.0569506334792087
2019-10-11 19:00:00,2019-10-11 18:45:00,0.2268041237113402,0.16595158,0.19890919171092444,0.1921147285533452,0.24658612791567058,0.1921147285533452,0.03468939515799502
2019-10-11 21:00:00,2019-10-11 20:45:00,0.1494845360824742,0.16622083,0.20809398372317736,0.19625249674106307,0.24690271186181056,0.19625249674106307,-0.046767960658588875
2019-10-11 23:00:00,2019-10-11 22:45:00,0.0850515463917526,0.15804964,0.18901427655783534,0.18796626323321133,0.24682487266407843,0.18796626323321133,-0.10291471684145874
2019-10-12 01:00:00,2019-10-12 00:45:00,0.134020618556701,0.2086268,0.24242605177106477,0.2058094162878748,0.24775833735540453,0.2058094162878748,-0.0717887977311738
2019-10-12 03:00:00,2019-10-12 02:45:00,0.2989690721649485,0.18884924,0.21942280885897777,0.20266519989406948,0.2477165143153516,0.20266519989406948,0.09630387227087903
2019-10-12 05:00:00,2019-10-12 04:45:00,0.2809278350515464,0.19652492,0.21877674544484596,0.21363527972894136,0.24896313671001802,0.21363527972894136,0.06729255532260503
2019-10-12 07:00:00,2019-10-12 06:45:00,0.1829896907216495,0.18270233,0.1972846600096362,0.19645650369607492,0.24754543815923954,0.19645650369607492,-0.013466812974425424
2019-10-12 09:00:00,2019-10-12 08:45:00,0.2010309278350515,0.18482399,0.2164617273478319,0.1917546887001045,0.2480303573926192,0.1917546887001045,0.00927623913494699
2019-10-12 11:00:00,2019-10-12 10:45:00,0.1675257731958763,0.17291877,0.19724850306761488,0.20065682467009482,0.247594956818501,0.20065682467009482,-0.03313105147421852
2019-10-12 13:00:00,2019-10-12 12:45:00,0.1494845360824742,0.17620733,0.19402734741777644,0.19836656004398653,0.2476184432363274,0.19836656004398653,-0.04888202396151234
2019-10-12 15:00:00,2019-10-12 14:45:00,0.134020618556701,0.19893536,0.2057832608545489,0.1957344096425219,0.2477590513511038,0.1957344096425219,-0.061713791085820896
2019-10-12 17:00:00,2019-10-12 16:45:00,0.1829896907216495,0.21187994,0.21040291778407047,0.2024840896681986,0.2466626348355122,0.2024840896681986,-0.019494398946549113
2019-10-12 19:00:00,2019-10-12 18:45:00,0.1675257731958763,0.2029837,0.2030146803915088,0.21039643764028443,0.2472788150641744,0.21039643764028443,-0.042870664444408124
2019-10-12 21:00:00,2019-10-12 20:45:00,0.2010309278350515,0.21012038,0.22688899048380537,0.22134487603336045,0.24607779246982123,0.22134487603336045,-0.02031394819830895
2019-10-12 23:00:00,2019-10-12 22:45:00,0.2268041237113402,0.19654748,0.21003571841197935,0.2110377248999667,0.24757909731291722,0.2110377248999667,0.01576639881137351
2019-10-13 01:00:00,2019-10-13 00:45:00,0.2010309278350515,0.17436403,0.2127742625171062,0.1986194098905584,0.24716801000855915,0.1986194098905584,0.0024115179444930968
2019-10-13 03:00:00,2019-10-13 02:45:00,0.2268041237113402,0.2033298,0.19753895542031832,0.20410462092725487,0.2459135413060946,0.20410462092725487,0.022699502784085335
2019-10-13 05:00:00,2019-10-13 04:45:00,0.1752577319587629,0.20545305,0.19854043561986112,0.20728212382711075,0.24577114363892513,0.20728212382711075,-0.03202439186834785
2019-10-13 07:00:00,2019-10-13 06:45:00,0.2010309278350515,0.21086897,0.19043309440176104,0.19638007096224006,0.2468648694569678,0.19638007096224006,0.004650856872811443
2019-10-13 09:00:00,2019-10-13 08:45:00,0.1752577319587629,0.19712308,0.19890183281224508,0.19930639425400426,0.2482837374389511,0.19930639425400426,-0.024048662295241358
2019-10-13 11:00:00,2019-10-13 10:45:00,0.1237113402061855,0.18331179,0.19063618356689033,0.194491443523774,0.24744162570715658,0.194491443523774,-0.07078010331758851
2019-10-13 13:00:00,2019-10-13 12:45:00,0.1752577319587629,0.17018424,0.18359630422463225,0.19788459007007672,0.24954932797668555,0.19788459007007672,-0.02262685811131382
2019-10-13 15:00:00,2019-10-13 14:45:00,0.1237113402061855,0.20242585,0.18022234282851163,0.20491065522943647,0.24790405611718253,0.20491065522943647,-0.08119931502325096
2019-10-13 17:00:00,2019-10-13 16:45:00,0.1752577319587629,0.21417451,0.19610816471173198,0.21258509483670104,0.24736548002500935,0.21258509483670104,-0.03732736287793814
2019-10-13 19:00:00,2019-10-13 18:45:00,0.1829896907216495,0.20558047,0.20376619227152262,0.21367968748149715,0.2477636149084803,0.21367968748149715,-0.030689996759847654
2019-10-13 21:00:00,2019-10-13 20:45:00,0.134020618556701,0.21270639,0.20057439813414452,0.20593208212540443,0.24835727510720182,0.20593208212540443,-0.07191146356870343
2019-10-13 23:00:00,2019-10-13 22:45:00,0.1494845360824742,0.20909774,0.19424129352907882,0.21305802677352667,0.2472684600096383,0.21305802677352667,-0.06357349069105248
2019-10-14 01:00:00,2019-10-14 00:45:00,0.1134020618556701,0.22678842,0.19938842140341165,0.21183706917837158,0.24676236861299358,0.21183706917837158,-0.09843500732270148
2019-10-14 03:00:00,2019-10-14 02:45:00,0.134020618556701,0.22262475,0.1828421379872234,0.21233462731245778,0.24839200003945017,0.21233462731245778,-0.07831400875575678
2019-10-14 05:00:00,2019-10-14 04:45:00,0.1134020618556701,0.22375107,0.21257445078931542,0.2230211508751884,0.2477300953988807,0.2230211508751884,-0.10961908901951829
2019-10-14 07:00:00,2019-10-14 06:45:00,0.1494845360824742,0.24571711,0.21328471309740785,0.21937255641386907,0.24924328587047556,0.21937255641386907,-0.06988802033139488
2019-10-14 09:00:00,2019-10-14 08:45:00,0.2164948453608247,0.23672554,0.20068394408052137,0.21911783415078429,0.24758665221664183,0.21911783415078429,-0.0026229887899595905
2019-10-14 11:00:00,2019-10-14 10:45:00,0.0824742268041237,0.23784077,0.22104699653007684,0.21378560799932927,0.24828557577511468,0.21378560799932927,-0.13131138119520558
2019-10-14 13:00:00,2019-10-14 12:45:00,0.1134020618556701,0.22943133,0.20094170122895352,0.2112685111975407,0.24635145559965813,0.2112685111975407,-0.0978664493418706
2019-10-14 15:00:00,2019-10-14 14:45:00,0.3634020618556701,0.27468848,0.25970817694716947,0.2351028579411797,0.24695741348264294,0.2351028579411797,0.1282992039144904
2019-10-14 17:00:00,2019-10-14 16:45:00,0.2989690721649485,0.23313165,0.20175418128896058,0.20459931664599162,0.24646652730382063,0.20459931664599162,0.09436975551895688
2019-10-14 19:00:00,2019-10-14 18:45:00,0.2654639175257732,0.2258502,0.20793510985689168,0.22612284083124137,0.24656782361711613,0.22612284083124137,0.039341076694531824
2019-10-14 21:00:00,2019-10-14 20:45:00,0.1237113402061855,0.22950429,0.19305588099946067,0.22576396353201097,0.2467261110359968,0.22576396353201097,-0.10205262332582547
2019-10-14 23:00:00,2019-10-14 22:45:00,0.1752577319587629,0.22283092,0.21370471877358294,0.20948360540679722,0.2470506215312478,0.20948360540679722,-0.03422587344803432
2019-10-15 01:00:00,2019-10-15 00:45:00,0.1752577319587629,0.22106361,0.21752549275384597,0.22100858489548778,0.24743852087709803,0.22100858489548778,-0.04575085293672487
2019-10-15 03:00:00,2019-10-15 02:45:00,0.1237113402061855,0.21437147,0.19454099224351154,0.19919700788641204,0.2467090511534663,0.19919700788641204,-0.07548566768022653
2019-10-15 05:00:00,2019-10-15 04:45:00,0.1752577319587629,0.22936888,0.23687394352026042,0.22412157307422662,0.24691212192247372,0.22412157307422662,-0.04886384111546371
2019-10-15 07:00:00,2019-10-15 06:45:00,0.2010309278350515,0.21940131,0.1831121766195184,0.20337293069090107,0.24655324037402074,0.20337293069090107,-0.0023420028558495676
2019-10-15 09:00:00,2019-10-15 08:45:00,0.2268041237113402,0.20726335,0.19317368584456585,0.2137485278287718,0.2462362627415562,0.2137485278287718,0.01305559588256841
2019-10-15 11:00:00,2019-10-15 10:45:00,0.1752577319587629,0.22178887,0.1805090080313644,0.20431274723975762,0.24711467933711656,0.20431274723975762,-0.029055015280994717
2019-10-15 13:00:00,2019-10-15 12:45:00,0.3556701030927836,0.24602394,0.20379084074875614,0.21127709995517632,0.24757324391779786,0.21127709995517632,0.14439300313760725
2019-10-15 15:00:00,2019-10-15 14:45:00,0.3041237113402062,0.23631565,0.17995437603172684,0.21018016353740965,0.24609920932177506,0.21018016353740965,0.09394354780279657
2019-10-15 17:00:00,2019-10-15 16:45:00,0.2783505154639175,0.2511466,0.18218112986998766,0.19604705047897542,0.24563880135327615,0.19604705047897542,0.08230346498494207
2019-10-15 19:00:00,2019-10-15 18:45:00,0.2268041237113402,0.22876416,0.1915746887562021,0.21205532799927637,0.24551296940901185,0.21205532799927637,0.014748795712063834
2019-10-15 21:00:00,2019-10-15 20:45:00,0.1005154639175257,0.2761312,0.2244228646216854,0.2262929515994267,0.24651884604963462,0.2262929515994267,-0.125777487681901
2019-10-15 23:00:00,2019-10-15 22:45:00,0.1159793814432989,0.30075276,0.242395293623365,0.24119289954943832,0.24824369657685616,0.24119289954943832,-0.1252135181061394
2019-10-16 01:00:00,2019-10-16 00:45:00,0.1829896907216495,0.25634915,0.21573203698766005,0.21705459664952326,0.24881112202818226,0.21705459664952326,-0.034064905927873756
2019-10-16 03:00:00,2019-10-16 02:45:00,0.1159793814432989,0.21642117,0.21895428082278612,0.2050034161664423,0.24785664255386328,0.2050034161664423,-0.0890240347231434
2019-10-16 05:00:00,2019-10-16 04:45:00,0.134020618556701,0.21845265,0.23939653559305205,0.23463046524671666,0.24745864855778615,0.23463046524671666,-0.10060984669001566
2019-10-16 07:00:00,2019-10-16 06:45:00,0.1829896907216495,0.2027423,0.2183201357528145,0.21201379689693117,0.2473831337312341,0.21201379689693117,-0.029024106175281672
2019-10-16 09:00:00,2019-10-16 08:45:00,0.1159793814432989,0.1995933,0.2202946207053249,0.19024092064355144,0.24883650791850292,0.19024092064355144,-0.07426153920025254
2019-10-16 11:00:00,2019-10-16 10:45:00,0.1005154639175257,0.22710414,0.20306623646941985,0.20626627592124727,0.24817204357672237,0.20626627592124727,-0.10575081200372158
2019-10-16 21:00:00,2019-10-16 20:45:00,0.1237113402061855,0.24414319,0.22663506162427163,0.2345681941806398,0.27195073883816406,0.2345681941806398,-0.11085685397445429
2019-10-16 23:00:00,2019-10-16 22:45:00,0.2371134020618557,0.19840217,0.22229760443828017,0.21019307112997315,0.2529703044667427,0.21019307112997315,0.026920330931882536
2019-10-17 01:00:00,2019-10-17 00:45:00,0.2525773195876289,0.20379522,0.2160939294661788,0.2023505506386065,0.2493754402601762,0.2023505506386065,0.05022676894902242
2019-10-17 03:00:00,2019-10-17 02:45:00,0.1494845360824742,0.18362439,0.2088194080651438,0.20405103581098571,0.24788584873092637,0.20405103581098571,-0.05456649972851152
2019-10-17 05:00:00,2019-10-17 04:45:00,0.1752577319587629,0.18955076,0.19812521479267733,0.21361451274118679,0.2479146663448156,0.21361451274118679,-0.03835678078242388
2019-10-17 07:00:00,2019-10-17 06:45:00,0.2010309278350515,0.20754276,0.229972155213705,0.22292804967966423,0.24923581985391,0.22292804967966423,-0.021897121844612732
2019-10-17 09:00:00,2019-10-17 08:45:00,0.1752577319587629,0.17251673,0.21980794356685254,0.21591749954889233,0.24808641463486766,0.21591749954889233,-0.04065976759012943
2019-10-17 11:00:00,2019-10-17 10:45:00,0.1237113402061855,0.20670088,0.24945649738983552,0.22064576941703426,0.24905657877673149,0.22064576941703426,-0.09693442921084876
2019-10-17 13:00:00,2019-10-17 12:45:00,0.1752577319587629,0.17435867,0.20867971391877108,0.2171590295810788,0.24800866207924854,0.2171590295810788,-0.0419012976223159
2019-10-17 15:00:00,2019-10-17 14:45:00,0.2268041237113402,0.184708,0.2050937367677416,0.2243122865439909,0.24786994182724276,0.2243122865439909,0.002491837167349298
2019-10-17 17:00:00,2019-10-17 16:45:00,0.2268041237113402,0.23127192,0.22887408951417407,0.23220760516854924,0.2478280804960506,0.23220760516854924,-0.005403481457209036
2019-10-17 19:00:00,2019-10-17 18:45:00,0.2010309278350515,0.21490863,0.22340285781832953,0.22721119858632566,0.24777150981784468,0.22721119858632566,-0.02618027075127416
2019-10-17 21:00:00,2019-10-17 20:45:00,0.134020618556701,0.21600422,0.2025371266686303,0.2207709607950232,0.24703144419515202,0.2207709607950232,-0.0867503422383222
2019-10-17 23:00:00,2019-10-17 22:45:00,0.1159793814432989,0.2106956,0.20067713937138523,0.21387214779427222,0.24655678289241087,0.21387214779427222,-0.09789276635097331
2019-10-18 01:00:00,2019-10-18 00:45:00,0.1159793814432989,0.18869726,0.19278118880984282,0.19653947554969312,0.2464667349570336,0.19653947554969312,-0.08056009410639421
2019-10-18 03:00:00,2019-10-18 02:45:00,0.1005154639175257,0.19600363,0.19736207815699439,0.1880630738868946,0.24739016373729567,0.1880630738868946,-0.08754760996936892
2019-10-18 05:00:00,2019-10-18 04:45:00,0.1159793814432989,0.20188493,0.2052010096775105,0.21148547305840346,0.24697908289058032,0.21148547305840346,-0.09550609161510455
2019-10-18 07:00:00,2019-10-18 06:45:00,0.1185567010309278,0.21841788,0.2314094633296162,0.24710048849812644,0.24838996660026486,0.24710048849812644,-0.12854378746719863
2019-10-18 09:00:00,2019-10-18 08:45:00,0.1829896907216495,0.2181864,0.238307875234981,0.22846090715146647,0.24848876032428174,0.22846090715146647,-0.04547121642981697
2019-10-18 11:00:00,2019-10-18 10:45:00,0.1005154639175257,0.21654963,0.2263791912435786,0.2219811781201569,0.24757583055985874,0.2219811781201569,-0.12146571420263122
2019-10-18 13:00:00,2019-10-18 12:45:00,0.1159793814432989,0.20709726,0.22081335184906947,0.21946567111346618,0.24734440148551712,0.21946567111346618,-0.10348628967016728
2019-10-18 15:00:00,2019-10-18 14:45:00,0.134020618556701,0.27195758,0.23392014109625894,0.23249018423293144,0.24871269642329819,0.23249018423293144,-0.09846956567623044
2019-10-18 17:00:00,2019-10-18 16:45:00,0.1649484536082474,0.2168172,0.21967394976150795,0.20864922832875898,0.24769797122587517,0.20864922832875898,-0.04370077472051159
2019-10-18 19:00:00,2019-10-18 18:45:00,0.134020618556701,0.20156352,0.23937685687103277,0.2264765691174068,0.247182637824038,0.2264765691174068,-0.0924559505607058
2019-10-18 21:00:00,2019-10-18 20:45:00,0.1237113402061855,0.2068217,0.20488122546004955,0.2195757806148486,0.2476089578409143,0.2195757806148486,-0.09586444040866308
2019-10-18 23:00:00,2019-10-18 22:45:00,0.1237113402061855,0.22500278,0.21028874184162977,0.21709454987612278,0.24803029621070644,0.21709454987612278,-0.09338320966993728
2019-10-19 01:00:00,2019-10-19 00:45:00,0.1237113402061855,0.22622092,0.2068496736067445,0.2378857571677829,0.2460101305447794,0.2378857571677829,-0.1141744169615974
2019-10-19 03:00:00,2019-10-19 02:45:00,0.1752577319587629,0.2096239,0.21861262285540706,0.21348027708875558,0.24698110385584196,0.21348027708875558,-0.03822254512999268
2019-10-19 05:00:00,2019-10-19 04:45:00,0.1494845360824742,0.22584322,0.21309117802486596,0.23178604849976256,0.24778646294957957,0.23178604849976256,-0.08230151241728836
2019-10-19 07:00:00,2019-10-19 06:45:00,0.1752577319587629,0.2267949,0.2059039015325386,0.23266258703264314,0.24730357337486858,0.23266258703264314,-0.05740485507388024
2019-10-19 09:00:00,2019-10-19 08:45:00,0.2268041237113402,0.21627265,0.21862841218621462,0.2220187878281229,0.24646912946433744,0.2220187878281229,0.0047853358832173065
2019-10-19 11:00:00,2019-10-19 10:45:00,0.2010309278350515,0.2713054,0.19912081628035228,0.21143608499393857,0.2468558122192959,0.21143608499393857,-0.010405157158887068
2019-10-19 13:00:00,2019-10-19 12:45:00,0.2783505154639175,0.27608198,0.2501794158781354,0.23589127712826755,0.24861496848814268,0.23589127712826755,0.042459238335649935
2019-10-19 15:00:00,2019-10-19 14:45:00,0.3041237113402062,0.3279439,0.2708307635294214,0.2844873338848762,0.24885996853314868,0.2844873338848762,0.019636377455330034
2019-10-19 17:00:00,2019-10-19 16:45:00,0.2783505154639175,0.30219287,0.24458380816813108,0.24564941985909367,0.24857449740018434,0.24564941985909367,0.032701095604823815
2019-10-19 19:00:00,2019-10-19 18:45:00,0.3041237113402062,0.24910468,0.24912666242431925,0.24728584468201095,0.24969782087264897,0.24728584468201095,0.05683786665819526
2019-10-19 21:00:00,2019-10-19 20:45:00,0.3814432989690722,0.23392372,0.2279200359581365,0.22869464054179162,0.24890681003385734,0.22869464054179162,0.15274865842728058
2019-10-19 23:00:00,2019-10-19 22:45:00,0.1649484536082474,0.22148982,0.21713623008579744,0.2228241370580584,0.2479850601757123,0.2228241370580584,-0.057875683449811005
2019-10-20 01:00:00,2019-10-20 00:45:00,0.2474226804123712,0.22383295,0.22276442612392638,0.2261160708843242,0.24726669971929732,0.2261160708843242,0.021306609528047
2019-10-20 03:00:00,2019-10-20 02:45:00,0.2319587628865979,0.24057414,0.21290207278931722,0.226180572424472,0.24776025060843238,0.226180572424472,0.005778190462125882
2019-10-20 05:00:00,2019-10-20 04:45:00,0.1829896907216495,0.2188363,0.2157805890998756,0.22189996660501535,0.24767912491677532,0.22189996660501535,-0.03891027588336585
2019-10-20 07:00:00,2019-10-20 06:45:00,0.2164948453608247,0.21662864,0.20409232312144723,0.22501172507686806,0.24611881698324578,0.22501172507686806,-0.008516879716043368
2019-10-20 09:00:00,2019-10-20 08:45:00,0.1494845360824742,0.22385997,0.21679801734735651,0.2214245433548133,0.24665846094596944,0.2214245433548133,-0.0719400072723391
2019-10-20 11:00:00,2019-10-20 10:45:00,0.134020618556701,0.21076958,0.19641847823290684,0.22611467643741648,0.2465584089294075,0.22611467643741648,-0.09209405788071548
2019-10-20 13:00:00,2019-10-20 12:45:00,0.134020618556701,0.20435815,0.19253665960430272,0.20158867499938282,0.246385283816458,0.20158867499938282,-0.06756805644268182
2019-10-20 15:00:00,2019-10-20 14:45:00,0.1494845360824742,0.20036891,0.1871311727925811,0.2072745228881772,0.2468980107285059,0.2072745228881772,-0.05778998680570299
2019-10-20 17:00:00,2019-10-20 16:45:00,0.1675257731958763,0.20912111,0.1970799357419176,0.2050977338305841,0.2474179547675756,0.2050977338305841,-0.0375719606347078
2019-10-20 19:00:00,2019-10-20 18:45:00,0.134020618556701,0.2102297,0.21371590342638688,0.19626813258574252,0.2465416962946251,0.19626813258574252,-0.06224751402904152
2019-10-20 21:00:00,2019-10-20 20:45:00,0.2268041237113402,0.21153942,0.18705381366368573,0.2038228650466833,0.24735920233336967,0.2038228650466833,0.022981258664656917
2019-10-20 23:00:00,2019-10-20 22:45:00,0.1752577319587629,0.1964231,0.19968405081892956,0.1980891541114425,0.24595389833988918,0.1980891541114425,-0.02283142215267961
2019-10-21 01:00:00,2019-10-21 00:45:00,0.2268041237113402,0.20987234,0.21762615950473033,0.20946425313689507,0.24590768765279938,0.20946425313689507,0.017339870574445138
2019-10-21 03:00:00,2019-10-21 02:45:00,0.2010309278350515,0.20369703,0.1946085572225113,0.21038257898821344,0.2467763995697099,0.21038257898821344,-0.009351651153161944
2019-10-21 05:00:00,2019-10-21 04:45:00,0.2268041237113402,0.21165621,0.2093042678497446,0.2233073832175015,0.24734866414383608,0.2233073832175015,0.003496740493838718
2019-10-21 07:00:00,2019-10-21 06:45:00,0.1494845360824742,0.18643844,0.21310407219338373,0.22213277234889128,0.24902328563701712,0.22213277234889128,-0.07264823626641709
2019-10-21 09:00:00,2019-10-21 08:45:00,0.2010309278350515,0.20300338,0.2466839312839859,0.23897253478266636,0.2484945159103249,0.23897253478266636,-0.037941606947614864
2019-10-21 11:00:00,2019-10-21 10:45:00,0.2783505154639175,0.19855952,0.20254993499123444,0.20053765488778041,0.2474610595731386,0.20053765488778041,0.07781286057613707
2019-10-21 13:00:00,2019-10-21 12:45:00,0.1752577319587629,0.19056018,0.2194553805759207,0.20540698826754306,0.24568019635712515,0.20540698826754306,-0.030149256308780154
2019-10-21 15:00:00,2019-10-21 14:45:00,0.2268041237113402,0.19774526,0.20006191668249268,0.20314979534660474,0.2468764245357033,0.20314979534660474,0.023654328364735466
2019-10-21 17:00:00,2019-10-21 16:45:00,0.1237113402061855,0.20447996,0.20534291777974092,0.21352662285037646,0.24507465279363347,0.21352662285037646,-0.08981528264419096
2019-10-21 19:00:00,2019-10-21 18:45:00,0.1237113402061855,0.2035751,0.20800196107624883,0.21834467948133918,0.24554397505520228,0.21834467948133918,-0.09463333927515367
2019-10-21 21:00:00,2019-10-21 20:45:00,0.2809278350515464,0.20392303,0.1891571549642352,0.20233110270321067,0.24570459422671814,0.20233110270321067,0.07859673234833572
2019-10-21 23:00:00,2019-10-21 22:45:00,0.25,0.21304552,0.21225140108744248,0.2212510477107223,0.2464505230369534,0.2212510477107223,0.028748952289277707
2019-10-22 01:00:00,2019-10-22 00:45:00,0.1675257731958763,0.20364296,0.20875641011751347,0.21244777155072225,0.2455822506943279,0.21244777155072225,-0.04492199835484595
2019-10-22 03:00:00,2019-10-22 02:45:00,0.2164948453608247,0.2227334,0.20750870687433304,0.2164193241118158,0.2456809253856582,0.2164193241118158,7.55212490088919e-05
2019-10-22 05:00:00,2019-10-22 04:45:00,0.1494845360824742,0.2278853,0.20516303816392728,0.21842649565963637,0.24591838100973126,0.21842649565963637,-0.06894195957716218
2019-10-22 07:00:00,2019-10-22 06:45:00,0.1675257731958763,0.18282975,0.1943425215843325,0.19859373716761927,0.24623340146716222,0.19859373716761927,-0.031067963971742968
2019-10-22 09:00:00,2019-10-22 08:45:00,0.134020618556701,0.19139478,0.2118303994480322,0.21335323903032793,0.24800026229154992,0.21335323903032793,-0.07933262047362694
2019-10-22 11:00:00,2019-10-22 10:45:00,0.2474226804123712,0.24658151,0.22004560099946838,0.21520831404605467,0.24843382099654673,0.21520831404605467,0.03221436636631653
2019-10-22 13:00:00,2019-10-22 12:45:00,0.2989690721649485,0.22974591,0.2162569656812496,0.21954780814377436,0.24645404338629176,0.21954780814377436,0.07942126402117414
2019-10-22 15:00:00,2019-10-22 14:45:00,0.2809278350515464,0.2175764,0.20351073906857756,0.206832647423092,0.24693357263880328,0.206832647423092,0.0740951876284544
2019-10-22 17:00:00,2019-10-22 16:45:00,0.2654639175257732,0.19621637,0.2093155618503252,0.20268342957533192,0.24605044523499398,0.20268342957533192,0.06278048795044128
2019-10-22 19:00:00,2019-10-22 18:45:00,0.2164948453608247,0.22570764,0.23676476616767386,0.22918931342383575,0.247055065086628,0.22918931342383575,-0.012694468063011055
2019-10-22 21:00:00,2019-10-22 20:45:00,0.2783505154639175,0.21993256,0.19666347296388545,0.19419440469558671,0.24617052615402002,0.19419440469558671,0.08415611076833077
2019-10-22 23:00:00,2019-10-22 22:45:00,0.2268041237113402,0.18694428,0.2023718788052705,0.19098290225450912,0.2459763206833476,0.19098290225450912,0.03582122145683109
2019-10-23 01:00:00,2019-10-23 00:45:00,0.1237113402061855,0.20764805,0.1977359879807615,0.19840212546986075,0.24558429384949246,0.19840212546986075,-0.07469078526367524
2019-10-23 03:00:00,2019-10-23 02:45:00,0.1752577319587629,0.18577623,0.1929883420491212,0.1992071353811334,0.24639787084855036,0.1992071353811334,-0.023949403422370508
2019-10-23 05:00:00,2019-10-23 04:45:00,0.1752577319587629,0.18874627,0.1948096273695669,0.19132531831400715,0.24571183128642793,0.19132531831400715,-0.016067586355244245
2019-10-23 07:00:00,2019-10-23 06:45:00,0.1237113402061855,0.18587062,0.1780680503792251,0.18315269697010975,0.2452820070922123,0.18315269697010975,-0.059441356763924244
2019-10-23 09:00:00,2019-10-23 08:45:00,0.1237113402061855,0.19855759,0.1907295298157187,0.18858195422996615,0.2455143259210705,0.18858195422996615,-0.06487061402378065
2019-10-23 11:00:00,2019-10-23 10:45:00,0.1237113402061855,0.20020282,0.2000089826479491,0.19629055368634898,0.24639631448958552,0.19629055368634898,-0.07257921348016348
2019-10-23 13:00:00,2019-10-23 12:45:00,0.1443298969072165,0.2090768,0.19906090686911407,0.19927326648233862,0.247033959832956,0.19927326648233862,-0.05494336957512211
2019-10-23 15:00:00,2019-10-23 14:45:00,0.1675257731958763,0.2036387,0.1949748717850829,0.19255735559927528,0.24638739198416088,0.19255735559927528,-0.025031582403398978
2019-10-23 17:00:00,2019-10-23 16:45:00,0.1288659793814433,0.20412374,0.23713480892007788,0.21249819206621517,0.24715753768706863,0.21249819206621517,-0.08363221268477186
2019-10-23 19:00:00,2019-10-23 18:45:00,0.288659793814433,0.24735472,0.22490727029764196,0.21022148221262296,0.24711819100646534,0.21022148221262296,0.07843831160181006
2019-10-23 21:00:00,2019-10-23 20:45:00,0.3969072164948454,0.2608064,0.2153439931690689,0.22460659967572835,0.2463612314403662,0.22460659967572835,0.17230061681911704
2019-10-23 23:00:00,2019-10-23 22:45:00,0.3634020618556701,0.21975096,0.21216233001679502,0.21067216138058176,0.24550601196389457,0.21067216138058176,0.15272990047508833
2019-10-24 01:00:00,2019-10-24 00:45:00,0.2087628865979381,0.21342942,0.21157752154330306,0.21080018904923387,0.24569338171033642,0.21080018904923387,-0.0020373024512957694
2019-10-24 03:00:00,2019-10-24 02:45:00,0.3298969072164948,0.23140904,0.21913826295099578,0.22368384987789244,0.24729364833905162,0.22368384987789244,0.10621305733860234
2019-10-24 05:00:00,2019-10-24 04:45:00,0.1829896907216495,0.2321621,0.23957323189366472,0.23275446570582758,0.2474608292142259,0.23275446570582758,-0.049764774984178084
2019-10-24 07:00:00,2019-10-24 06:45:00,0.2654639175257732,0.22326608,0.22388363119324703,0.21908285710006786,0.24789860589097157,0.21908285710006786,0.046381060425705334
2019-10-24 09:00:00,2019-10-24 08:45:00,0.3814432989690722,0.26398388,0.25944233749224416,0.2704634477542716,0.2473447201783381,0.2704634477542716,0.11097985121480058
2019-10-24 11:00:00,2019-10-24 10:45:00,0.2164948453608247,0.23795295,0.2419251054585431,0.23593995292738215,0.2480956468355709,0.23593995292738215,-0.019445107566557457
2019-10-24 13:00:00,2019-10-24 12:45:00,0.365979381443299,0.25118625,0.2147874673328513,0.21779697220429167,0.246717697939864,0.21779697220429167,0.14818240923900733
2019-10-24 15:00:00,2019-10-24 14:45:00,0.3324742268041237,0.2873765,0.2467070393867166,0.23825817246703423,0.2459243585077757,0.23825817246703423,0.09421605433708946
2019-10-24 17:00:00,2019-10-24 16:45:00,0.365979381443299,0.29885232,0.2723449176146773,0.27221116739145984,0.24707358430605095,0.27221116739145984,0.09376821405183916
2019-10-24 19:00:00,2019-10-24 18:45:00,0.3969072164948454,0.28261197,0.269795638715534,0.2650495599632747,0.24753028608369035,0.2650495599632747,0.13185765653157072
2019-10-24 21:00:00,2019-10-24 20:45:00,0.3814432989690722,0.27281663,0.25684504833552296,0.23828167614035267,0.24560643970647889,0.23828167614035267,0.14316162282871953
2019-10-24 23:00:00,2019-10-24 22:45:00,0.2164948453608247,0.2555307,0.24223410966022293,0.23046702447119688,0.24553136081892346,0.23046702447119688,-0.013972179110372185
2019-10-25 01:00:00,2019-10-25 00:45:00,0.3814432989690722,0.27725834,0.2607160990839723,0.23625414994450405,0.24679777257980778,0.23625414994450405,0.14518914902456814
2019-10-25 03:00:00,2019-10-25 02:45:00,0.2989690721649485,0.27680498,0.26995373042700027,0.24060288422423573,0.24678652232712958,0.24060288422423573,0.05836618794071277
2019-10-25 05:00:00,2019-10-25 04:45:00,0.3144329896907217,0.2861583,0.2673435661053821,0.24369260952321986,0.24691971352779574,0.24369260952321986,0.07074038016750184
2019-10-25 07:00:00,2019-10-25 06:45:00,0.2938144329896907,0.27305767,0.277710421702678,0.24006170790725087,0.24699360118160638,0.24006170790725087,0.053752725082439806
2019-10-25 09:00:00,2019-10-25 08:45:00,0.4072164948453609,0.2944854,0.2808412743337555,0.28292051343826297,0.24651918813869264,0.28292051343826297,0.12429598140709791
2019-10-25 11:00:00,2019-10-25 10:45:00,0.134020618556701,0.22304131,0.22980421952143762,0.22420489367953134,0.24662668138535998,0.22420489367953134,-0.09018427512283034
2019-10-25 13:00:00,2019-10-25 12:45:00,0.1752577319587629,0.25520828,0.27505210958470566,0.24766482581804977,0.24731402946041722,0.24766482581804977,-0.07240709385928687
2019-10-25 15:00:00,2019-10-25 14:45:00,0.2268041237113402,0.2438941,0.26729247478631407,0.23395077180268106,0.24764868948150992,0.23395077180268106,-0.007146648091340857
2019-10-25 17:00:00,2019-10-25 16:45:00,0.2268041237113402,0.24456051,0.25541329385198075,0.2265422592731642,0.24715614340260247,0.2265422592731642,0.00026186443817599603
2019-10-25 19:00:00,2019-10-25 18:45:00,0.1752577319587629,0.23708779,0.20316667323895451,0.21207817253471256,0.247496333363133,0.21207817253471256,-0.03682044057594966
2019-10-25 21:00:00,2019-10-25 20:45:00,0.1159793814432989,0.23869018,0.22523532090845014,0.2185569830520928,0.24711821483485694,0.2185569830520928,-0.10257760160879391
2019-10-25 23:00:00,2019-10-25 22:45:00,0.25,0.25172985,0.27235089942834695,0.2460328301204535,0.24819696839718255,0.2460328301204535,0.003967169879546512
2019-10-26 01:00:00,2019-10-26 00:45:00,0.2654639175257732,0.24795182,0.2808081817135621,0.2607714571704316,0.24868493128290675,0.2607714571704316,0.004692460355341599
2019-10-26 03:00:00,2019-10-26 02:45:00,0.2319587628865979,0.26930523,0.2832619504648367,0.25556775675777366,0.2483960796152777,0.25556775675777366,-0.023608993871175765
2019-10-26 05:00:00,2019-10-26 04:45:00,0.2989690721649485,0.2362904,0.23479991186186908,0.22440088849892223,0.24756942755463965,0.22440088849892223,0.07456818366602627
2019-10-26 07:00:00,2019-10-26 06:45:00,0.25,0.22333154,0.2057412760703819,0.21472022086139095,0.2468817344808721,0.21472022086139095,0.03527977913860905
2019-10-26 09:00:00,2019-10-26 08:45:00,0.3634020618556701,0.23600893,0.19894196837759376,0.2142289303962789,0.24772790929568467,0.2142289303962789,0.14917313145939118
2019-10-26 11:00:00,2019-10-26 10:45:00,0.3144329896907217,0.24692096,0.24907642218330983,0.25152634694576154,0.24820473653006306,0.25152634694576154,0.06290664274496016
2019-10-26 13:00:00,2019-10-26 12:45:00,0.3969072164948454,0.24873833,0.2672945472535138,0.28062711478700986,0.2490222478580148,0.28062711478700986,0.11628010170783554
2019-10-26 15:00:00,2019-10-26 14:45:00,0.3298969072164948,0.24391967,0.24384670269349104,0.21836129561064344,0.24714816252616664,0.21836129561064344,0.11153561160585135
2019-10-26 17:00:00,2019-10-26 16:45:00,0.2654639175257732,0.24022597,0.20660011115491042,0.2056175665228709,0.24682920696964863,0.2056175665228709,0.05984635100290231
2019-10-26 19:00:00,2019-10-26 18:45:00,0.2809278350515464,0.25013658,0.2727625583184825,0.23591794093786744,0.2465748995132484,0.23591794093786744,0.04500989411367895
2019-10-26 21:00:00,2019-10-26 20:45:00,0.1237113402061855,0.23178302,0.20239339133693787,0.2071510965202792,0.2468581537505764,0.2071510965202792,-0.08343975631409369
2019-10-26 23:00:00,2019-10-26 22:45:00,0.1752577319587629,0.24606377,0.23005264562514335,0.21515989946937236,0.24720334372149025,0.21515989946937236,-0.03990216751060946
2019-10-27 01:00:00,2019-10-27 00:45:00,0.1752577319587629,0.23684293,0.25422637227371736,0.23284976588672032,0.24799542011282558,0.23284976588672032,-0.05759203392795742
2019-10-27 03:00:00,2019-10-27 02:45:00,0.3814432989690722,0.29685056,0.22791878407506797,0.237683678087132,0.24851761886598545,0.237683678087132,0.1437596208819402
2019-10-27 05:00:00,2019-10-27 04:45:00,0.2268041237113402,0.29131132,0.23655232200740964,0.22618884535825273,0.24823411111291327,0.22618884535825273,0.0006152783530874728
2019-10-27 07:00:00,2019-10-27 06:45:00,0.2268041237113402,0.26007846,0.24975784694455155,0.22343482744267348,0.24782812872298807,0.22343482744267348,0.0033692962686667216
2019-10-27 09:00:00,2019-10-27 08:45:00,0.1829896907216495,0.21955776,0.22345839907060003,0.2107959166467006,0.24651010999046058,0.2107959166467006,-0.02780622592505111
2019-10-27 11:00:00,2019-10-27 10:45:00,0.134020618556701,0.21982852,0.20747517881142977,0.22403296189097904,0.24700842049183294,0.22403296189097904,-0.09001234333427804
2019-10-27 13:00:00,2019-10-27 12:45:00,0.1237113402061855,0.23489128,0.21347895101073844,0.22982049900466484,0.24713216901450386,0.22982049900466484,-0.10610915879847933
2019-10-27 15:00:00,2019-10-27 14:45:00,0.2319587628865979,0.23519453,0.253346494996433,0.22918637082933124,0.2504621555210759,0.22918637082933124,0.0027723920572666483
2019-10-27 17:00:00,2019-10-27 16:45:00,0.1804123711340206,0.2178607,0.2237629216382612,0.2226929949127531,0.2495107232164373,0.2226929949127531,-0.04228062377873251
2019-10-27 19:00:00,2019-10-27 18:45:00,0.1701030927835052,0.18259099,0.2029123381726202,0.1954153463519051,0.2484039035036668,0.1954153463519051,-0.025312253568399917
2019-10-27 21:00:00,2019-10-27 20:45:00,0.1984536082474227,0.22141106,0.22625746197667823,0.23086633973975118,0.2483747619620809,0.23086633973975118,-0.032412731492328484
2019-10-27 23:00:00,2019-10-27 22:45:00,0.3479381443298969,0.25504604,0.255161665080947,0.25407950860411577,0.24811528301389416,0.25407950860411577,0.09385863572578113
2019-10-28 01:00:00,2019-10-28 00:45:00,0.3144329896907217,0.22723301,0.21399314460354552,0.2164789356152684,0.24694660588508188,0.2164789356152684,0.0979540540754533
2019-10-28 03:00:00,2019-10-28 02:45:00,0.1984536082474227,0.25049812,0.2436380589689093,0.24959867634686883,0.24745393407157198,0.24959867634686883,-0.051145068099446134
2019-10-28 05:00:00,2019-10-28 04:45:00,0.1494845360824742,0.24827199,0.26141653097492545,0.2518017090241372,0.24801296219848099,0.2518017090241372,-0.10231717294166298
2019-10-28 07:00:00,2019-10-28 06:45:00,0.2164948453608247,0.29628605,0.28246578874772765,0.26480412219178756,0.2484047829948816,0.26480412219178756,-0.048309276830962866
2019-10-28 09:00:00,2019-10-28 08:45:00,0.3324742268041237,0.27308786,0.26200016284539485,0.25697088201167007,0.24681122530678815,0.25697088201167007,0.07550334479245363
2019-10-28 11:00:00,2019-10-28 10:45:00,0.2654639175257732,0.23269819,0.22443230608576872,0.21835275076470287,0.24601997304739026,0.21835275076470287,0.04711116676107033
2019-10-28 13:00:00,2019-10-28 12:45:00,0.2319587628865979,0.24564855,0.2175240718417742,0.22447233927203925,0.24558075651871109,0.22447233927203925,0.007486423614558646
2019-10-28 15:00:00,2019-10-28 14:45:00,0.2164948453608247,0.2656057,0.2107123551129121,0.23134869548989048,0.2462302410686401,0.23134869548989048,-0.014853850129065788
2019-10-28 17:00:00,2019-10-28 16:45:00,0.1829896907216495,0.2888429,0.22881454991320657,0.1969190230300847,0.24459409227286988,0.1969190230300847,-0.01392933230843521
2019-10-28 19:00:00,2019-10-28 18:45:00,0.1675257731958763,0.38445437,0.23311558043148448,0.18136135061634687,0.2259283615797108,0.18136135061634687,-0.013835577420470563
2019-10-29 13:00:00,2019-10-29 12:45:00,0.2268041237113402,0.259853,0.22031355899214858,0.2066383689767548,0.2662747905508423,0.2066383689767548,0.0201657547345854
2019-10-29 15:00:00,2019-10-29 14:45:00,0.1752577319587629,0.29788682,0.22079217249537822,0.21789197970127874,0.2521518921181706,0.21789197970127874,-0.04263424774251584
2019-10-29 17:00:00,2019-10-29 16:45:00,0.2010309278350515,0.25698337,0.23690415059814682,0.2450821459608769,0.2478331798780084,0.2450821459608769,-0.04405121812582541
2019-10-29 19:00:00,2019-10-29 18:45:00,0.2268041237113402,0.23497686,0.23377597062834551,0.2298124532551238,0.24761266140675717,0.2298124532551238,-0.0030083295437836055
2019-10-29 21:00:00,2019-10-29 20:45:00,0.2164948453608247,0.3010343,0.19639330985363385,0.24948860406434284,0.2769822312266545,0.24948860406434284,-0.032993758703518145
2019-10-29 23:00:00,2019-10-29 22:45:00,0.4149484536082474,0.23286203,0.21838652696600064,0.2342405958851624,0.25259221218372574,0.2342405958851624,0.18070785772308498
2019-10-30 01:00:00,2019-10-30 00:45:00,0.3324742268041237,0.27479973,0.2813715640488008,0.288755009247107,0.24812354188162108,0.288755009247107,0.04371921755701669
2019-10-30 03:00:00,2019-10-30 02:45:00,0.365979381443299,0.26346898,0.2447280533197404,0.2432646497890878,0.247824317821739,0.2432646497890878,0.1227147316542112
2019-10-30 05:00:00,2019-10-30 04:45:00,0.2835051546391753,0.24907492,0.28622459099403863,0.25207791036914107,0.24765120402374405,0.25207791036914107,0.03142724427003424
2019-10-30 07:00:00,2019-10-30 06:45:00,0.2654639175257732,0.29165876,0.2930345674195674,0.2654400993783663,0.247683207777807,0.2654400993783663,2.381814740687327e-05
2019-10-30 09:00:00,2019-10-30 08:45:00,0.2989690721649485,0.26530746,0.2660602388893643,0.23769946638861297,0.2474394774388555,0.23769946638861297,0.06126960577633553
2019-10-30 11:00:00,2019-10-30 10:45:00,0.3144329896907217,0.24968241,0.228827339182751,0.2269052064316926,0.24665959324598888,0.2269052064316926,0.0875277832590291
2019-10-30 13:00:00,2019-10-30 12:45:00,0.2164948453608247,0.22282583,0.21415898762233407,0.2069668795717124,0.247618615774663,0.2069668795717124,0.009527965789112303
2019-10-30 15:00:00,2019-10-30 14:45:00,0.3814432989690722,0.21348353,0.2176052400584254,0.20496240716605876,0.24680844825083126,0.20496240716605876,0.17648089180301343
2019-10-30 17:00:00,2019-10-30 16:45:00,0.2809278350515464,0.2180823,0.23477585191358236,0.20779746909103397,0.24795071468689678,0.20779746909103397,0.07313036596051242
2019-10-30 19:00:00,2019-10-30 18:45:00,0.2654639175257732,0.2190392,0.1949708137339046,0.20940013300408525,0.24702576300534634,0.20940013300408525,0.05606378452168795
2019-10-30 21:00:00,2019-10-30 20:45:00,0.3556701030927836,0.22137938,0.21860460734838644,0.20813708193173172,0.24705737882923642,0.20813708193173172,0.14753302116105185
2019-10-30 23:00:00,2019-10-30 22:45:00,0.2268041237113402,0.22473264,0.2237875022624681,0.2087925094683483,0.24604931842019545,0.2087925094683483,0.018011614242991913
2019-10-31 01:00:00,2019-10-31 00:45:00,0.2010309278350515,0.23701449,0.24416861703208562,0.23030951752649909,0.2480348084418165,0.23030951752649909,-0.029278589691447587
2019-10-31 03:00:00,2019-10-31 02:45:00,0.1237113402061855,0.2652015,0.23530440451937792,0.232179226270928,0.246568648388206,0.232179226270928,-0.10846788606474249
2019-10-31 05:00:00,2019-10-31 04:45:00,0.1494845360824742,0.25108185,0.2318596316558358,0.2151869731551929,0.2464449071631199,0.2151869731551929,-0.0657024370727187
2019-10-31 07:00:00,2019-10-31 06:45:00,0.1752577319587629,0.26797545,0.23422256504725558,0.23210048808117428,0.24685302420427999,0.23210048808117428,-0.05684275612241138
2019-10-31 09:00:00,2019-10-31 08:45:00,0.2345360824742268,0.26399937,0.2455431462544693,0.22617788983753687,0.24703882742204875,0.22617788983753687,0.008358192636689937
2019-10-31 11:00:00,2019-10-31 10:45:00,0.1649484536082474,0.24431197,0.24293904605739475,0.22004649228706713,0.24685069288786918,0.22004649228706713,-0.05509803867881974
2019-10-31 13:00:00,2019-10-31 12:45:00,0.134020618556701,0.2632529,0.2391354539170887,0.2365092243137676,0.24652472167913012,0.2365092243137676,-0.10248860575706661
2019-10-31 15:00:00,2019-10-31 14:45:00,0.2474226804123712,0.29675558,0.2609207954055993,0.26591015288786196,0.24775352149386454,0.26591015288786196,-0.018487472475490763
2019-10-31 17:00:00,2019-10-31 16:45:00,0.1649484536082474,0.25506243,0.25701172677424405,0.2483852394379247,0.24646349720027946,0.2483852394379247,-0.08343678582967731
2019-10-31 19:00:00,2019-10-31 18:45:00,0.1443298969072165,0.31496003,0.24746220452094078,0.25395182453713677,0.2471322295410144,0.25395182453713677,-0.10962192762992026
2019-10-31 21:00:00,2019-10-31 20:45:00,0.3814432989690722,0.32281286,0.2469760472808367,0.2700557369054821,0.24847209083032873,0.2700557369054821,0.11138756206359007
2019-10-31 23:00:00,2019-10-31 22:45:00,0.2319587628865979,0.24975514,0.23579832898272285,0.23151278299766448,0.24621699553614115,0.23151278299766448,0.0004459798889334121
2019-11-01 01:00:00,2019-11-01 00:45:00,0.1649484536082474,0.26290962,0.23891810161207236,0.20305766104829784,0.24737053036392417,0.20305766104829784,-0.03810920744005045
2019-11-01 03:00:00,2019-11-01 02:45:00,0.3969072164948454,0.29861915,0.24202273270933525,0.229742902677093,0.24826363753793626,0.229742902677093,0.1671643138177524
2019-11-01 05:00:00,2019-11-01 04:45:00,0.2164948453608247,0.26642895,0.2366981314487094,0.23756899246366614,0.24767685654998273,0.23756899246366614,-0.021074147102841445
2019-11-01 07:00:00,2019-11-01 06:45:00,0.1984536082474227,0.2661421,0.2440466239137999,0.2254174438103364,0.2481611407038349,0.2254174438103364,-0.026963835562913707
2019-11-01 09:00:00,2019-11-01 08:45:00,0.134020618556701,0.2184066,0.2319438285093545,0.22899337009092588,0.2477383496259167,0.22899337009092588,-0.09497275153422488
2019-11-01 11:00:00,2019-11-01 10:45:00,0.1185567010309278,0.2713632,0.2541166857957416,0.2517831536799053,0.24766636657649918,0.2517831536799053,-0.13322645264897748
2019-11-01 13:00:00,2019-11-01 12:45:00,0.1159793814432989,0.28708315,0.2729682373460976,0.24368927179511188,0.24702614644885545,0.24368927179511188,-0.12770989035181296
2019-11-01 15:00:00,2019-11-01 14:45:00,0.2654639175257732,0.39139462,0.25020698499259786,0.237899569671048,0.25592544848791304,0.237899569671048,0.027564347854725196
2019-11-01 17:00:00,2019-11-01 16:45:00,0.2835051546391753,0.36332762,0.21940918072744686,0.197504271678181,0.2619303983454744,0.197504271678181,0.08600088296099431
2019-11-01 19:00:00,2019-11-01 18:45:00,0.25,0.266194,0.22930113575880393,0.21341381676069202,0.2517629590929881,0.21341381676069202,0.036586183239307984
2019-11-01 21:00:00,2019-11-01 20:45:00,0.1082474226804124,0.29162884,0.23791185374880586,0.22095786545023086,0.24995709701983412,0.22095786545023086,-0.11271044276981845
2019-11-01 23:00:00,2019-11-01 22:45:00,0.3350515463917526,0.3427407,0.2487636366571967,0.23099135018000946,0.2799192595832763,0.23099135018000946,0.10406019621174314
2019-11-02 01:00:00,2019-11-02 00:45:00,0.134020618556701,0.6361335,0.23827934017829078,0.21911746594693693,0.2593602934457069,0.21911746594693693,-0.08509684739023593
2019-11-02 03:00:00,2019-11-02 02:45:00,0.1546391752577319,0.27117825,0.23499889979003236,0.21709916295590562,0.2538269737650279,0.21709916295590562,-0.06245998769817371
2019-11-02 05:00:00,2019-11-02 04:45:00,0.1237113402061855,0.30479097,0.28293809491248206,0.26154118270951965,0.2515942281788075,0.26154118270951965,-0.13782984250333413
2019-11-02 07:00:00,2019-11-02 06:45:00,0.1907216494845361,0.29850596,0.2689562498023369,0.24899852357191238,0.2534027883331088,0.24899852357191238,-0.05827687408737628
2019-11-02 09:00:00,2019-11-02 08:45:00,0.1752577319587629,0.24295802,0.25861592282727763,0.22935002331158907,0.24916589767400998,0.22935002331158907,-0.05409229135282617
2019-11-02 11:00:00,2019-11-02 10:45:00,0.4072164948453609,0.27349406,0.255829758958057,0.23481716210348832,0.25172216642836726,0.23481716210348832,0.17239933274187255
2019-11-02 13:00:00,2019-11-02 12:45:00,0.2010309278350515,0.28911573,0.27817438542900413,0.24559984865414186,0.24927029113764965,0.24559984865414186,-0.04456892081909036
2019-11-02 15:00:00,2019-11-02 14:45:00,0.1494845360824742,0.20284595,0.20898068647368037,0.20637015359736324,0.24850210053015248,0.20637015359736324,-0.05688561751488905
2019-11-02 17:00:00,2019-11-02 16:45:00,0.1752577319587629,0.23869054,0.19490029531858666,0.20772992422009456,0.2479440531189104,0.20772992422009456,-0.03247219226133166
2019-11-02 19:00:00,2019-11-02 18:45:00,0.1237113402061855,0.21335045,0.21215920063202245,0.2143519757381461,0.2483266452990169,0.2143519757381461,-0.0906406355319606
2019-11-02 21:00:00,2019-11-02 20:45:00,0.1159793814432989,0.20526743,0.1922049060675002,0.2016043423279704,0.2490770449855971,0.2016043423279704,-0.08562496088467149
2019-11-02 23:00:00,2019-11-02 22:45:00,0.1494845360824742,0.21105194,0.21442927116824034,0.20838245405277428,0.24854356090546678,0.20838245405277428,-0.058897917970300084
2019-11-03 01:00:00,2019-11-03 00:45:00,0.2010309278350515,0.211411,0.19836379636884782,0.1980006482178002,0.24875120692227223,0.1980006482178002,0.0030302796172513025
2019-11-03 03:00:00,2019-11-03 02:45:00,0.1829896907216495,0.24972919,0.2126146751127739,0.1941271646577855,0.24907351431156521,0.1941271646577855,-0.011137473936136011
2019-11-03 05:00:00,2019-11-03 04:45:00,0.1984536082474227,0.2411078,0.22715619868445322,0.21272556205321286,0.24863225689299623,0.21272556205321286,-0.01427195380579016
2019-11-03 07:00:00,2019-11-03 06:45:00,0.134020618556701,0.25028443,0.23874774032603976,0.23018429872994867,0.24902843419396486,0.23018429872994867,-0.09616368017324767
2019-11-03 09:00:00,2019-11-03 08:45:00,0.134020618556701,0.21023247,0.2073123684591423,0.2103905825276002,0.24726380854093963,0.2103905825276002,-0.07636996397089921
2019-11-03 11:00:00,2019-11-03 10:45:00,0.1649484536082474,0.21159667,0.18806851314663736,0.20842602667852858,0.24769725501854498,0.20842602667852858,-0.04347757307028119
2019-11-03 13:00:00,2019-11-03 12:45:00,0.1159793814432989,0.21019122,0.1942921541192992,0.18822185260221436,0.24785331038606384,0.18822185260221436,-0.07224247115891545
2019-11-03 15:00:00,2019-11-03 14:45:00,0.134020618556701,0.21107008,0.1911508505252935,0.1974458565878921,0.24800590988924956,0.1974458565878921,-0.0634252380311911
2019-11-03 17:00:00,2019-11-03 16:45:00,0.1649484536082474,0.20218295,0.1950694174479595,0.20057722283793097,0.24781242272927717,0.20057722283793097,-0.03562876922968358
2019-11-03 19:00:00,2019-11-03 18:45:00,0.2164948453608247,0.17708048,0.19373238867942952,0.2024905761698269,0.24868862610320178,0.2024905761698269,0.014004269190997787
2019-11-03 21:00:00,2019-11-03 20:45:00,0.1237113402061855,0.18917498,0.19843646975334547,0.20335006412136158,0.2492796941313175,0.20335006412136158,-0.07963872391517608
2019-11-03 23:00:00,2019-11-03 22:45:00,0.1752577319587629,0.19298112,0.19494948752296298,0.1958173282866605,0.2477351824911785,0.1958173282866605,-0.02055959632789761
2019-11-04 01:00:00,2019-11-04 00:45:00,0.1494845360824742,0.19781908,0.17864350056183997,0.1973191463385551,0.24681048882406872,0.1973191463385551,-0.047834610256080906
2019-11-04 03:00:00,2019-11-04 02:45:00,0.134020618556701,0.19285005,0.1902164230745767,0.19674232597442734,0.2490351153479171,0.19674232597442734,-0.06272170741772634
2019-11-04 05:00:00,2019-11-04 04:45:00,0.1237113402061855,0.21279554,0.1870135032077806,0.20141932405958193,0.2464724154272139,0.20141932405958193,-0.07770798385339643
2019-11-04 07:00:00,2019-11-04 06:45:00,0.134020618556701,0.20930268,0.20815944039031942,0.21017605281067375,0.24694238655558434,0.21017605281067375,-0.07615543425397275
2019-11-04 09:00:00,2019-11-04 08:45:00,0.1237113402061855,0.22614455,0.218367277508146,0.22415148436543997,0.24814634450555714,0.22415148436543997,-0.10044014415925447
